strategy,n_agents,density,n,n_success,success_rate,collisions,deadlocks,errors,flowtime_mean,flowtime_std,makespan_mean,makespan_std,delta_flowtime_mean,delta_flowtime_std,num_modified_mean,num_modified_std,modified_ratio_mean,modified_ratio_std,repair_time_ms_mean,repair_time_ms_std,messages_mean,messages_std,additional_path_length_mean,additional_path_length_std,total_waits_mean,total_waits_std,mean_impact_per_disruption_mean,mean_impact_per_disruption_std,conflicts_avoided_mean,conflicts_avoided_std,total_path_length_mean,total_path_length_std,affected_expansions_mean,affected_expansions_std,max_affected_size_mean,max_affected_size_std
global,5,0.0,20,19,0.95,0,1,0,140.94736842105263,20.942974648662087,53.421052631578945,12.526930055212535,30.0,13.621877827801699,3.0526315789473686,0.7050361858740393,0.6105263157894737,0.14100723717480787,30.627821052564144,10.685899764400833,10.736842105263158,1.097578408394179,30.0,13.650396819628847,0.3684210526315789,0.5972647203701474,1.763157894736842,0.2564945880212885,0.0,0.0,140.57894736842104,20.820171280845475,0.0,0.0,4.7368421052631575,0.4524139283588641
global,5,0.05,20,18,0.9,0,2,0,147.66666666666666,24.710083676388425,54.888888888888886,14.06241920819203,36.166666666666664,15.367077107359403,4.611111111111111,0.5016313257045503,0.9222222222222223,0.10032626514091003,154.94306666626775,23.77919883939799,66.33333333333333,6.987383588423116,32.166666666666664,14.234382566828234,4.388888888888889,4.864503951361378,0.753968253968254,0.2314190036177399,0.0,0.0,143.27777777777777,25.255880050479,0.0,0.0,5.0,0.0
global,5,0.1,20,20,1.0,0,0,0,150.65,23.374018414515405,56.0,13.12290083463978,39.35,14.957043755192295,5.0,0.0,1.0,0.0,287.73736500006635,77.05388417643519,117.3,12.720062892926276,34.9,14.25297752825888,4.8,3.99473337493782,0.592,0.18380767981206533,0.0,0.0,145.85,23.190912467012406,0.0,0.0,5.0,0.0
global,5,0.15,20,20,1.0,0,0,0,159.85,24.081604685122755,58.6,13.394421462526461,48.55,14.684309563899184,4.95,0.22360679774997896,0.99,0.04472135954999579,435.0357199998598,105.38458718346982,175.55,18.400443358502905,37.65,13.152046068558064,11.25,8.397211316546514,0.518918918918919,0.11619802034272103,0.0,0.0,148.6,25.84854673711953,0.0,0.0,5.0,0.0
global,5,0.2,20,20,1.0,0,0,0,169.4,20.259890372228988,60.75,10.284761338479065,58.1,17.019802707743892,5.0,0.0,1.0,0.0,601.7773000000489,115.72060017447593,233.8,16.100343245768983,42.4,11.735685569640731,16.05,9.310294246014378,0.5395833333333333,0.1130832832357127,0.0,0.0,153.35,18.683724975158686,0.0,0.0,5.0,0.0
global,10,0.0,20,18,0.9,0,2,0,259.3333333333333,20.445048300260872,55.0,7.499019543756841,28.72222222222222,10.958775991954122,3.6666666666666665,1.137592917989042,0.36666666666666664,0.11375929179890422,68.26148888886665,17.56628336035883,20.166666666666668,2.8748401490088002,28.27777777777778,10.769267578763495,1.1666666666666667,0.985184366143778,2.25,0.8089572082044157,0.0,0.0,258.1666666666667,20.520434578588183,0.0,0.0,9.61111111111111,0.6076849889141857
global,10,0.05,20,18,0.9,0,2,0,270.8888888888889,24.946740654463174,48.94444444444444,9.582288945649076,40.94444444444444,14.666778074443185,8.055555555555555,1.3920878193318216,0.8055555555555556,0.13920878193318217,322.7868888889134,47.62368253780863,131.61111111111111,14.943575794177908,35.611111111111114,14.312227963564784,6.111111111111111,5.969420987675821,1.119047619047619,0.469348607376328,0.0,0.0,264.77777777777777,26.12088539071314,0.0,0.0,9.88888888888889,0.3233808333817773
global,10,0.1,20,19,0.95,0,1,0,282.2631578947368,21.304256500268668,52.94736842105263,9.980390129373848,50.31578947368421,12.211345505894405,9.210526315789474,0.7132825035177586,0.9210526315789473,0.07132825035177585,559.1439789468974,69.35813782126642,231.73684210526315,22.153108899613358,41.10526315789474,12.476176127333002,10.0,6.429100507328637,0.9642105263157895,0.2595362485809745,0.0,0.0,272.2631578947368,23.371022193361014,0.0,0.0,10.0,0.0
global,10,0.15,20,19,0.95,0,1,0,292.05263157894734,30.10808987669912,56.68421052631579,10.4777681655491,61.94736842105263,15.565180814920511,9.68421052631579,0.5823927253578186,0.9684210526315788,0.05823927253578186,764.7445578945495,101.13786187583709,343.6842105263158,22.09336911981347,47.8421052631579,14.54595460331282,14.894736842105264,9.602631218358304,0.9032716927453769,0.22707631909360323,0.0,0.0,277.1578947368421,27.771414475829353,0.0,0.0,10.0,0.0
global,10,0.2,20,20,1.0,0,0,0,302.0,28.04132289093516,56.35,11.370668637470617,72.15,18.7371710497441,9.9,0.30779350562554625,0.99,0.030779350562554614,1043.639889999804,100.18622994779024,455.3,32.06096166926212,50.7,16.811963159106607,22.25,10.416964908011202,0.8739583333333334,0.1574297566836514,0.0,0.0,279.75,30.282659620386887,0.0,0.0,10.0,0.0
global,20,0.0,20,17,0.85,0,3,0,512.4705882352941,38.74777033433476,54.8235294117647,7.739794038907358,31.352941176470587,10.659157896326686,7.529411764705882,3.5199014023624215,0.3764705882352941,0.17599507011812107,108.83180000002861,24.71242167678952,41.05882352941177,7.352470573175507,31.11764705882353,9.688152255081825,4.352941176470588,2.8926885519916468,4.205882352941177,2.0467872960554834,0.0,0.0,508.11764705882354,37.752288594436855,0.0,0.0,19.176470588235293,1.0145993123917847
global,20,0.05,20,18,0.9,0,2,0,541.8333333333334,44.57808746854155,56.666666666666664,11.061326375099444,58.611111111111114,20.38205349259891,14.055555555555555,2.31293605675003,0.7027777777777778,0.11564680283750152,550.4598611109941,83.15556058866024,249.66666666666666,25.893446820292084,48.22222222222222,14.256290894386222,14.555555555555555,9.617522135464196,2.0317460317460316,0.7524359090661704,0.0,0.0,527.2777777777778,41.80600232102275,0.0,0.0,20.0,0.0
global,20,0.1,20,19,0.95,0,1,0,546.6315789473684,50.81689409188837,53.05263157894737,8.416080403413762,68.36842105263158,20.926353736419404,17.736842105263158,1.5217718205053643,0.886842105263158,0.0760885910252682,949.1130157892641,134.80088826122488,454.94736842105266,37.62309232404205,53.8421052631579,19.00076945194804,18.789473684210527,9.265101470742664,1.9915789473684213,0.47075899894502204,0.0,0.0,527.8421052631579,48.950386626432206,0.0,0.0,19.94736842105263,0.22941573387056177
global,20,0.15,20,17,0.85,0,3,0,566.7058823529412,40.26904007094401,56.94117647058823,8.898529290248574,86.41176470588235,22.58887675253412,18.764705882352942,1.200490095997562,0.9382352941176471,0.060024504799878094,1366.5959529409306,155.07260485503272,649.2352941176471,53.920693397531416,63.0,17.150072886142496,27.529411764705884,10.741960057752632,1.6136724960254372,0.46437795700328366,0.0,0.0,539.1764705882352,40.92406885641634,0.0,0.0,20.0,0.0
global,20,0.2,20,19,0.95,0,1,0,597.0526315789474,43.223545132267546,61.421052631578945,8.52653237758263,117.36842105263158,24.37715352610078,19.42105263157895,0.837707816583391,0.9710526315789473,0.04188539082916956,1854.6761473687518,247.12660120950392,885.1052631578947,67.54249258128965,84.10526315789474,20.634099977254763,37.421052631578945,9.878797663423105,1.7883771929824561,0.46044668275579825,0.0,0.0,559.6315789473684,40.051647942674926,0.0,0.0,20.0,0.0
global,30,0.0,20,12,0.6,0,8,0,750.25,47.188451977152205,50.333333333333336,9.470848414844875,24.083333333333332,7.537281078784714,10.416666666666666,5.822500764406575,0.34722222222222227,0.19408335881355251,160.95499166658556,38.61180908924483,63.083333333333336,12.565886962388097,24.0,8.420753583206844,9.5,4.100997661323622,5.833333333333333,3.857303187304296,0.0,0.0,740.75,45.555410815241856,0.0,0.0,29.583333333333332,0.5149286505444373
global,30,0.05,20,16,0.8,0,4,0,771.4375,46.935372233174704,53.5625,10.819542504191201,59.0625,24.112151155243975,19.6875,4.556588636249711,0.65625,0.15188628787499037,746.9190250001247,154.7007825007692,354.6875,38.123866103356654,47.625,21.6175083362229,19.9375,10.440106959860772,2.6294642857142856,0.9192642540137645,0.0,0.0,751.5,45.65522971139232,0.0,0.0,29.75,0.5773502691896257
global,30,0.1,20,15,0.75,0,5,0,827.8666666666667,60.659314049471256,56.93333333333333,11.297703095678132,94.93333333333334,31.331104277348654,25.6,3.3974780562730853,0.8533333333333334,0.1132492685424362,1495.39742666675,273.62104245777573,694.7333333333333,77.12463629612475,71.06666666666666,29.09950089573621,32.86666666666667,10.140911952980128,3.1786666666666665,1.0022679044950769,0.0,0.0,795.0,59.44865731993328,0.0,0.0,30.0,0.0
global,30,0.15,20,18,0.9,0,2,0,841.7777777777778,59.42425287763709,58.666666666666664,11.381098882124954,115.11111111111111,28.56342558317807,27.333333333333332,1.495090003192804,0.911111111111111,0.04983633343976012,2000.2392111107636,232.29079159518844,998.1111111111111,86.43725292262855,83.61111111111111,22.715993041671787,40.27777777777778,13.005906149563044,2.771771771771772,0.7265858332489057,0.0,0.0,801.5,54.21227340958221,0.0,0.0,30.0,0.0
global,30,0.2,20,15,0.75,0,5,0,904.0,47.72091485172633,61.46666666666667,13.736638529685424,169.8,39.549607186057216,28.733333333333334,1.0997835284835873,0.9577777777777778,0.0366594509494529,2757.9256866665673,281.1426725577191,1347.9333333333334,71.35671623877428,114.66666666666667,25.628295374634728,63.6,21.02991067163964,2.8027777777777776,0.6307703203939982,0.0,0.0,840.4,43.39157258533702,0.0,0.0,30.0,0.0
global,40,0.0,20,18,0.9,0,2,0,984.2777777777778,58.14667615360674,52.72222222222222,7.714047961201201,25.555555555555557,12.862266849071823,14.055555555555555,5.774917592711985,0.3513888888888889,0.1443729398177996,214.77913333349838,60.62814191069479,83.44444444444444,15.359313029300045,25.11111111111111,13.185950138149,21.333333333333332,7.0710678118654755,8.055555555555555,3.2938842120837184,0.0,0.0,962.9444444444445,55.19641103232776,0.0,0.0,38.72222222222222,2.136670184451541
global,40,0.05,20,18,0.9,0,2,0,1028.888888888889,59.39487885320525,60.22222222222222,10.423703505532083,72.83333333333333,26.18093154321649,26.88888888888889,4.213268800697162,0.6722222222222222,0.10533172001742905,973.7359388885933,172.4115269351371,481.3888888888889,60.66022913485252,59.833333333333336,20.144332146960316,33.05555555555556,14.62259421025929,4.384920634920635,1.7624771952223397,0.0,0.0,995.8333333333334,55.582741714228064,0.0,0.0,39.94444444444444,0.23570226039551584
global,40,0.1,20,17,0.85,0,3,0,1079.6470588235295,66.76913693510515,56.1764705882353,7.859988025735528,115.17647058823529,30.863075215614952,34.11764705882353,3.3889960338789216,0.8529411764705882,0.08472490084697305,1865.5712117647186,287.42898372653787,899.2941176470588,90.03038702702158,85.0,22.254213084267885,50.88235294117647,14.743143969915204,4.263529411764706,1.1289870524970083,0.0,0.0,1028.764705882353,59.29748035516002,0.0,0.0,40.0,0.0
global,40,0.15,20,16,0.8,0,4,0,1111.375,62.37935021570306,55.875,8.965675285963313,157.5,33.402594709593046,36.5625,2.25,0.9140625,0.05624999999999998,2790.286168749674,367.4038272934023,1357.3125,117.50331555605854,112.0,27.48332827976505,64.0625,18.577652345403244,4.462837837837838,1.2445302778032867,0.0,0.0,1047.3125,63.22522571463598,0.0,0.0,40.0,0.0
global,40,0.2,20,13,0.65,0,7,0,1144.5384615384614,73.36735807407291,60.23076923076923,11.511978154324348,193.6153846153846,32.11058616079351,37.30769230769231,1.931519927613803,0.9326923076923077,0.04828799819034507,3682.569715385328,658.7715480633548,1788.923076923077,117.74652262272373,132.92307692307693,30.03736988725194,80.3076923076923,17.918261705983163,4.408653846153846,0.8889650491544838,0.0,0.0,1064.2307692307693,76.67480447334471,0.0,0.0,40.0,0.0
local,5,0.0,20,19,0.95,0,0,0,141.05263157894737,21.069919802121607,53.578947368421055,12.646105195204852,30.105263157894736,13.62552643974661,2.8947368421052633,0.5671308728156005,0.5789473684210527,0.1134261745631201,19.255710526426572,6.1972143862513205,1.4210526315789473,1.3870748387117167,30.105263157894736,13.674366679797908,0.3684210526315789,0.5972647203701474,1.5789473684210527,0.1873171623163388,0.631578947368421,0.9551338658818386,140.68421052631578,20.94981472094933,0.05263157894736842,0.22941573387056177,1.1578947368421053,0.3746343246326776
local,5,0.05,20,19,0.95,0,0,0,167.42105263157896,26.039106891736864,61.8421052631579,13.89349631180294,54.78947368421053,15.686437692649664,4.526315789473684,0.512989176042577,0.9052631578947368,0.1025978352085154,35.03443157847199,9.337092750676918,2.263157894736842,1.9956092153402372,27.63157894736842,15.184826221212447,27.526315789473685,7.705470070401153,0.6203007518796992,0.101162829777814,2.6842105263157894,2.083070158815998,139.89473684210526,24.596509998240954,0.10526315789473684,0.3153017676423058,1.5789473684210527,0.5072572735017881
local,5,0.1,20,20,1.0,0,0,0,175.1,26.53676694701146,59.05,12.032740423746503,63.8,18.534746885384305,4.95,0.22360679774997896,0.99,0.04472135954999579,54.37629500015646,26.391728396492162,2.9,2.221900561515559,29.85,13.6662280631374,34.3,9.766214587465353,0.476,0.09258850673246313,3.65,3.7314453246063133,140.8,24.312872916907295,0.1,0.30779350562554625,1.7,0.5712405705774795
local,5,0.15,20,20,1.0,0,0,0,182.7,27.572106423550213,61.55,13.751459252710141,71.4,13.831314585313095,4.95,0.22360679774997896,0.99,0.04472135954999579,72.49056999967252,32.6414564272394,3.35,2.777257261172764,27.75,12.785168216171012,44.0,10.3618734335366,0.4027027027027027,0.07739362736906136,6.45,4.593760069806364,138.7,25.542740239593883,0.1,0.30779350562554625,2.0,0.5619514869490163
local,5,0.2,20,19,0.95,0,0,0,202.10526315789474,25.068560958659187,67.26315789473684,12.310077647842293,89.63157894736842,14.423016044255982,5.0,0.0,1.0,0.0,98.121821052844,30.655454631982,4.684210526315789,5.0005847611270795,33.526315789473685,13.413792325863835,56.421052631578945,10.20520449723617,0.3618421052631579,0.05433135856682307,7.526315789473684,4.350841822153905,145.68421052631578,21.66423738068224,0.3684210526315789,0.6839855680567694,1.9473684210526316,0.7050361858740393
local,10,0.0,20,18,0.9,0,0,0,260.3333333333333,22.135943621178654,56.666666666666664,7.730763602798429,29.72222222222222,9.969397619158787,2.9444444444444446,0.7253576985527025,0.29444444444444445,0.07253576985527024,26.245366666595753,10.441226531398385,1.3333333333333333,0.6859943405700354,29.444444444444443,10.036534568454933,1.0,0.9074852129730301,1.6666666666666667,0.3429971702850177,0.6666666666666666,1.3719886811400708,259.3333333333333,22.231403332170622,0.0,0.0,1.3333333333333333,0.6859943405700354
local,10,0.05,20,19,0.95,0,0,0,300.2105263157895,26.260614673707384,53.05263157894737,10.485300208760655,71.84210526315789,19.01538312318838,7.684210526315789,1.3764944032233706,0.7684210526315789,0.13764944032233709,53.64837894744836,20.829924333907055,4.421052631578948,3.516876604692234,33.89473684210526,13.686549507706482,38.73684210526316,16.56248138032717,0.8308270676691729,0.20510840880542278,6.473684210526316,3.9068091705043444,261.4736842105263,26.251705597610716,0.15789473684210525,0.501459857121279,2.210526315789474,0.6306035352846115
local,10,0.1,20,19,0.95,0,0,0,327.2631578947368,27.48300910514866,55.526315789473685,7.3663530932705665,98.89473684210526,21.0789382423997,8.947368421052632,0.9112679939102143,0.8947368421052632,0.09112679939102142,102.80115263125673,54.82833495650138,6.2631578947368425,4.066695426990622,33.05263157894737,13.434920022962244,66.63157894736842,18.57181414675891,0.7642105263157895,0.16049630627365036,10.894736842105264,6.756846214043495,260.63157894736844,27.54029477433584,0.21052631578947367,0.5353033790313108,2.3684210526315788,0.6839855680567694
local,10,0.15,20,20,1.0,0,0,0,349.75,34.3999311504819,63.1,12.272776891623955,119.9,19.957586606548766,9.6,0.5026246899500346,0.96,0.05026246899500345,115.41709499979333,32.676775732131986,6.8,4.490926524964707,35.4,14.594158889234095,85.3,18.90168469238989,0.6121621621621622,0.1164211366132665,13.45,8.500619172494995,264.45,29.79663527454418,0.25,0.4442616583193193,2.35,0.9333020044867296
local,10,0.2,20,19,0.95,0,0,0,375.8421052631579,33.918633289248646,63.473684210526315,10.920767275916873,146.21052631578948,22.751261130779884,9.842105263157896,0.3746343246326776,0.9842105263157894,0.03746343246326775,168.6027210525457,70.31436241748277,6.052631578947368,3.42334605986804,39.36842105263158,16.43238849993711,107.63157894736842,10.755931316233484,0.5866228070175439,0.05346011672800388,14.68421052631579,5.696515812113648,268.2105263157895,29.11009551373395,0.10526315789473684,0.45883146774112354,2.3684210526315788,0.5972647203701474
local,20,0.0,20,17,0.85,0,0,0,514.4117647058823,41.99562302122897,56.05882352941177,8.31768137941168,33.294117647058826,14.172000149424713,4.117647058823529,1.6912404079985373,0.20588235294117646,0.08456202039992686,33.71492941181821,19.647974847104493,2.411764705882353,1.6605279103876787,32.529411764705884,12.684230598753436,4.882352941176471,3.4256815552013964,2.2058823529411766,0.8302639551938393,2.823529411764706,3.4683442396489252,509.52941176470586,40.384275477992084,0.0,0.0,2.411764705882353,1.6605279103876787
local,20,0.05,20,20,1.0,0,0,0,573.45,44.99061305603531,58.55,6.89374239513824,95.0,23.14712668311578,11.6,1.930366749991743,0.58,0.09651833749958715,110.73696499993275,64.15236236105567,8.65,4.793361637668671,47.1,17.961655063818004,52.15,14.44144255806513,1.2142857142857142,0.2940512972485138,16.85,8.19675802407654,521.3,43.34573371831358,0.3,0.5712405705774793,3.65,1.2258187382102497
local,20,0.1,20,20,1.0,0,0,0,620.1,49.397315077260075,61.85,10.363270160574443,141.65,28.4462096263327,15.85,1.8431951662948316,0.7925,0.09215975831474159,214.72216499914794,85.94009979848464,11.8,4.149825614598636,55.5,19.94070156607757,90.4,20.59483839269084,1.1480000000000001,0.19297122774352166,27.75,7.224774627699651,529.7,47.21295540309605,0.1,0.30779350562554625,3.9,1.020835571068081
local,20,0.15,20,19,0.95,0,0,0,663.8947368421053,33.8885341751161,64.3157894736842,9.122941969312235,184.21052631578948,29.027915582089864,17.0,1.6666666666666667,0.85,0.08333333333333331,322.2963789476604,119.76031907026677,13.894736842105264,4.9877041795255,65.89473684210526,24.32395878059807,122.47368421052632,22.321809019314202,0.9672830725462305,0.13349726572193382,34.526315789473685,9.388932142881092,541.421052631579,39.772011081878624,0.15789473684210525,0.3746343246326776,3.473684210526316,0.7723284457212329
local,20,0.2,20,20,1.0,0,0,0,711.45,42.05819902543567,65.75,7.411761634477716,233.0,34.92247052212115,18.65,0.9880869341680844,0.9324999999999999,0.04940434670840421,390.8234150004773,147.45188841534568,21.45,8.350701199678731,74.15,20.38904504616969,163.1,26.17330902394953,1.0104166666666665,0.1510652960948031,46.65,16.46455523077889,548.35,38.45198646569374,0.5,0.6069769786668839,4.05,1.050062654772261
local,30,0.0,20,12,0.6,0,0,0,754.0833333333334,50.189564893934126,50.583333333333336,9.586527794332792,27.916666666666668,5.743903223629751,4.75,1.9598237397554634,0.15833333333333333,0.06532745799184879,34.96867499984546,19.239997140994596,3.6666666666666665,3.0846639225613406,26.5,6.067798762169179,10.833333333333334,3.9962103260085007,2.4166666666666665,1.0624442944398913,3.4166666666666665,4.14418175569586,743.25,49.39290526896642,0.16666666666666666,0.3892494720807615,2.75,2.050498830661811
local,30,0.05,20,16,0.8,0,0,0,820.375,54.54279665241476,55.4375,9.193974476072178,101.8125,27.498409044888398,14.5625,3.650913127789631,0.48541666666666666,0.12169710425965435,153.16127500022958,59.37473297977876,11.1875,5.8334523797376345,51.5625,26.472548674680596,59.3125,22.47878629582419,1.34375,0.44432839329535917,20.625,12.004860126909712,761.0625,58.31577116584043,0.3125,0.47871355387816905,4.0625,1.8062391868188443
local,30,0.1,20,15,0.75,0,0,0,915.2666666666667,73.37522612928569,63.93333333333333,14.14954146993901,180.33333333333334,39.0177005009387,22.066666666666666,3.0347197250362035,0.7355555555555555,0.10115732416787346,378.9005666670467,278.01261320899357,23.066666666666666,7.76867948575438,77.66666666666667,34.68566329328644,111.46666666666667,26.50300971228596,1.52,0.2696028825619531,44.6,16.39163549758578,803.8,69.05608486688813,0.7333333333333333,1.0997835284835873,4.666666666666667,0.8997354108424374
local,30,0.15,20,18,0.9,0,0,0,963.1666666666666,60.03356904070177,65.33333333333333,10.0,240.27777777777777,29.063430742703925,24.0,2.5895718474182514,0.8,0.08631906158060841,531.4508388894158,169.71156467896515,30.27777777777778,13.684708320971454,101.77777777777777,21.47928018170495,147.33333333333334,21.475019687726373,1.34984984984985,0.1760048822535405,62.27777777777778,14.203585113109982,815.8333333333334,52.59417324023194,1.2777777777777777,1.903728711380891,5.444444444444445,1.542428269748795
local,30,0.2,20,17,0.85,0,0,0,1052.2941176470588,70.25646296416646,63.705882352941174,12.453737922218137,323.5882352941176,48.50651866441434,27.058823529411764,1.2485285456935955,0.9019607843137255,0.04161761818978651,721.9694941170875,216.59728117036576,38.1764705882353,10.631529135769036,131.2941176470588,28.53674102337711,200.8235294117647,37.47371627907627,1.3897058823529411,0.1793308214025184,87.41176470588235,19.403797384563067,851.4705882352941,52.13218493294093,1.0,0.9354143466934853,5.470588235294118,1.1245914290767742
local,40,0.0,20,17,0.85,0,0,0,990.7058823529412,60.57202810072727,54.294117647058826,8.145280120124422,32.470588235294116,12.62496359924863,5.705882352941177,1.9610171430393253,0.1426470588235294,0.04902542857598313,52.80892941172009,27.672349209008278,7.117647058823529,3.8223414444090498,30.235294117647058,12.442514877250026,23.58823529411765,7.542039043997086,2.9411764705882355,0.9981600720384305,5.823529411764706,4.347920395396618,967.1176470588235,56.63907921318678,0.6470588235294118,0.492592183071889,3.2941176470588234,1.7594283831102981
local,40,0.05,20,18,0.9,0,0,0,1071.8333333333333,66.46737368593618,63.0,9.815953401298856,120.11111111111111,37.759126499257476,17.333333333333332,4.242640687119285,0.43333333333333335,0.10606601717798213,284.3509888883899,152.4043245116482,15.777777777777779,6.72620472966438,69.5,27.121187723427816,70.83333333333333,18.169949334643984,1.630952380952381,0.4042466649787709,30.833333333333332,12.195708020350727,1001.0,57.3964540819071,0.5555555555555556,0.5113099925649136,5.055555555555555,1.6617574758359692
local,40,0.1,20,14,0.7,0,0,0,1174.142857142857,90.56477252209064,61.07142857142857,8.63324776853804,214.0,44.599068634635444,27.214285714285715,4.154304004071171,0.6803571428571429,0.10385760010177926,494.4154642862486,194.0708384079655,30.571428571428573,8.855370258638677,103.07142857142857,30.715729585279984,131.07142857142858,26.473395311910018,1.8057142857142858,0.3101789628762548,63.07142857142857,18.532567117268023,1043.0714285714287,78.21220078509715,0.9285714285714286,0.9168747682531898,6.357142857142857,1.780541959721722
local,40,0.15,20,15,0.75,0,0,0,1257.8,86.05164562218269,65.13333333333334,8.749421749600424,300.6666666666667,50.7946378872341,31.266666666666666,3.081434421700078,0.7816666666666666,0.07703586054250194,887.044220000098,406.7092620923008,42.53333333333333,9.125057077447059,144.13333333333333,40.30219183452268,175.66666666666666,29.678435332906684,1.744144144144144,0.2604122360400862,94.86666666666666,23.51250933520485,1082.1333333333334,88.09237575787513,1.0666666666666667,1.0327955589886444,6.0,1.3093073414159542
local,40,0.2,20,13,0.65,0,1,0,1311.6153846153845,70.10294627847732,65.07692307692308,9.27776498284598,362.53846153846155,38.86647094994044,33.92307692307692,2.253202848596432,0.8480769230769231,0.05633007121491082,1106.1697000003244,298.6016731062948,51.84615384615385,13.346948177056268,155.15384615384616,33.012235493945155,226.46153846153845,27.702633402546724,1.7051282051282053,0.19185644172341268,117.0,22.535157717072522,1085.1538461538462,67.14765589585159,1.1538461538461537,0.898717034272917,6.846153846153846,1.214231845389905
single_agent,5,0.0,20,19,0.95,0,0,0,141.10526315789474,21.076302482071885,53.68421052631579,12.57003770691307,30.157894736842106,13.569832382059587,2.8421052631578947,0.501459857121279,0.5684210526315789,0.10029197142425579,11.701052631475537,3.352954384436756,1.105263157894737,0.3153017676423058,30.105263157894736,13.674366679797908,0.42105263157894735,0.6924826089821247,1.5526315789473684,0.1576508838211529,0.5263157894736842,0.9048278567177283,140.68421052631578,20.94981472094933,0.0,0.0,1.105263157894737,0.3153017676423058
single_agent,5,0.05,20,19,0.95,0,0,0,170.05263157894737,24.217701708118213,64.26315789473684,13.666024803070155,57.421052631578945,16.276485388688403,4.526315789473684,0.512989176042577,0.9052631578947368,0.1025978352085154,25.602078947725346,4.466608011302362,1.631578947368421,0.7608859102526822,28.263157894736842,15.548640902603953,29.526315789473685,8.167472212329912,0.6090225563909775,0.09632834607006323,2.5789473684210527,2.063324972349355,140.52631578947367,24.454875499018893,0.0,0.0,1.5263157894736843,0.512989176042577
single_agent,5,0.1,20,20,1.0,0,0,0,178.3,26.882003371459465,62.1,12.06081083073343,67.0,17.70816047387252,4.95,0.22360679774997896,0.99,0.04472135954999579,46.4515400005439,24.7454728131731,2.2,1.3218806379747876,29.15,12.921931581210051,38.2,9.918616202294604,0.46399999999999997,0.08549546002104749,3.7,3.3102710971825413,140.1,23.52579771006154,0.0,0.0,1.7,0.5712405705774795
single_agent,5,0.15,20,20,1.0,0,0,0,187.75,28.026068691769623,63.85,14.783614685113204,76.45,15.188205257612514,4.95,0.22360679774997896,0.99,0.04472135954999579,58.28552500038313,23.41103033430693,2.95,1.9049796241485244,28.8,13.073073975079263,48.0,11.313708498984761,0.4027027027027027,0.07788879318392639,6.4,4.4295657384871205,139.75,26.22950327599177,0.0,0.0,2.05,0.6048053188292994
single_agent,5,0.2,20,19,0.95,0,0,0,202.8421052631579,24.595083424436087,67.36842105263158,12.298195560125384,90.36842105263158,15.82617566746022,5.0,0.0,1.0,0.0,84.43407368323327,31.51643014159189,2.3157894736842106,1.4549773415168656,32.89473684210526,12.84045143219101,57.78947368421053,10.146586439501169,0.3519736842105263,0.05002639004670048,6.7894736842105265,4.1174283690513676,145.05263157894737,21.230150688245573,0.0,0.0,1.736842105263158,0.6533762964749499
single_agent,10,0.0,20,18,0.9,0,0,0,260.3333333333333,22.135943621178654,56.666666666666664,7.730763602798429,29.72222222222222,9.969397619158787,2.9444444444444446,0.7253576985527025,0.29444444444444445,0.07253576985527024,16.381488889085933,4.114478368720752,1.3333333333333333,0.6859943405700354,29.444444444444443,10.036534568454933,1.0,0.9074852129730301,1.6666666666666667,0.3429971702850177,0.6666666666666666,1.3719886811400708,259.3333333333333,22.231403332170622,0.0,0.0,1.3333333333333333,0.6859943405700354
single_agent,10,0.05,20,19,0.95,0,0,0,301.89473684210526,25.374735328323254,53.73684210526316,10.73851896090351,73.52631578947368,20.74546381756378,7.578947368421052,1.3870748387117167,0.7578947368421053,0.13870748387117166,47.79004210491908,22.34840743580176,3.4210526315789473,1.6771599497591227,34.10526315789474,12.560496879954432,40.21052631578947,16.44039384283729,0.8195488721804511,0.19396860946660394,6.473684210526316,3.9351467719716715,261.6842105263158,25.329062428537934,0.0,0.0,2.1578947368421053,0.6882472016116853
single_agent,10,0.1,20,20,1.0,0,0,0,332.0,27.45330964613039,57.9,9.705668446840743,102.15,20.241372431105972,8.85,0.8750939799154206,0.885,0.08750939799154206,89.57858499948088,51.83222333089298,4.8,2.117595458607661,34.2,12.237130726647184,68.75,16.669780410892294,0.75,0.15183093090324964,10.45,6.62113839790489,263.25,27.173661783735405,0.0,0.0,2.4,0.8207826816681233
single_agent,10,0.15,20,20,1.0,0,0,0,352.75,34.659053651246744,64.8,12.068227096933413,122.9,19.455482247266044,9.6,0.5026246899500346,0.96,0.05026246899500345,102.72102000058112,27.071707325730426,5.35,2.978431236671236,35.7,15.07210738591759,88.0,17.967807469559492,0.5986486486486486,0.10311178541101043,13.3,8.16346159806965,264.75,30.033095779577287,0.0,0.0,2.35,0.9333020044867296
single_agent,10,0.2,20,19,0.95,0,0,0,380.89473684210526,32.25057232367634,64.52631578947368,9.293775820722596,151.26315789473685,20.16278779573664,9.842105263157896,0.3746343246326776,0.9842105263157894,0.03746343246326775,156.9295315780676,78.29297246579719,5.526315789473684,2.010207867986448,38.0,14.761059883656353,114.05263157894737,12.02531442975621,0.5767543859649124,0.05812322925541321,14.736842105263158,5.791201230824778,266.8421052631579,27.903132356809646,0.0,0.0,2.3684210526315788,0.5972647203701474
single_agent,20,0.0,20,17,0.85,0,0,0,514.8235294117648,42.829947604038765,56.05882352941177,8.31768137941168,33.705882352941174,14.835618903008196,4.117647058823529,1.6912404079985373,0.20588235294117646,0.08456202039992686,24.94082941158173,14.474776333377632,2.411764705882353,1.6605279103876787,32.88235294117647,13.298883190615935,4.9411764705882355,3.4545366591500755,2.2058823529411766,0.8302639551938393,2.823529411764706,3.4683442396489252,509.88235294117646,41.11399146419193,0.0,0.0,2.411764705882353,1.6605279103876787
single_agent,20,0.05,20,20,1.0,0,0,0,575.6,44.77593338531667,59.55,10.455293295490893,97.15,24.20151147954889,11.5,1.9601288894248496,0.575,0.09800644447124249,99.58738000027552,69.04102257373349,7.0,3.418217448658846,48.2,18.22260019576616,53.2,15.240527688060093,1.207142857142857,0.28842697195741623,17.05,8.133588578105899,522.4,42.56437848470801,0.0,0.0,3.55,1.234376040972246
single_agent,20,0.1,20,19,0.95,0,0,0,626.2105263157895,48.104722507102984,63.10526315789474,9.706210708396426,147.1578947368421,28.59538260686065,15.68421052631579,1.7966831037883662,0.7842105263157895,0.08983415518941831,192.25920526366136,78.47466347819072,11.0,3.415650255319866,57.421052631578945,18.691399654724403,93.94736842105263,19.920602635380416,1.1263157894736842,0.1886858213573202,27.736842105263158,7.278904872324605,532.2631578947369,46.99390280222313,0.0,0.0,3.8947368421052633,1.0485300208760657
single_agent,20,0.15,20,19,0.95,0,0,0,665.2105263157895,32.51423439966704,64.94736842105263,9.594406265056081,185.52631578947367,29.937654515588505,17.0,1.6666666666666667,0.85,0.08333333333333331,307.5637789471856,117.6234891267943,12.631578947368421,4.245396543653548,65.57894736842105,24.164518960827404,124.10526315789474,24.986429065132548,0.9544807965860599,0.13424712181285336,34.26315789473684,9.433051263528196,541.1052631578947,40.07201120322444,0.0,0.0,3.4210526315789473,0.837707816583391
single_agent,20,0.2,20,19,0.95,0,0,0,720.6315789473684,44.16032725109696,70.42105263157895,9.063454023186157,240.73684210526315,41.93227622576294,18.63157894736842,1.01162829777814,0.9315789473684211,0.050581414888906995,351.0086263155053,128.07562419822952,17.68421052631579,5.869437144876911,77.47368421052632,22.401310529750095,167.47368421052633,34.78085108704474,0.9703947368421053,0.1509224129274597,44.8421052631579,14.818393817200212,553.1578947368421,35.74953481887676,0.0,0.0,3.9473684210526314,0.9703197760719181
single_agent,30,0.0,20,12,0.6,0,0,0,754.25,50.13459157834312,50.583333333333336,9.586527794332792,28.083333333333332,5.8068663640294815,4.583333333333333,1.9286515936521478,0.15277777777777776,0.0642883864550716,27.48393333331478,18.67807340778663,2.6666666666666665,2.103388319888276,26.833333333333332,6.117535649609442,10.666666666666666,3.8924947208076146,2.3333333333333335,1.0516941599441378,3.4166666666666665,4.14418175569586,743.5833333333334,49.26451485849043,0.0,0.0,2.6666666666666665,2.103388319888276
single_agent,30,0.05,20,16,0.8,0,0,0,821.1875,55.51482534722895,56.25,8.91814629468105,102.625,29.069743720920552,14.375,3.630886025935451,0.47916666666666663,0.12102953419784837,140.20369999951754,59.79621470373424,9.375,4.978286184354344,51.3125,24.07133495813364,60.375,22.85278976405288,1.3258928571428572,0.46362131949594004,20.0625,12.052489369420742,760.8125,56.93413592330469,0.0,0.0,4.0,1.7126976771553504
single_agent,30,0.1,20,14,0.7,0,0,0,919.2142857142857,79.40274997313823,66.42857142857143,13.737731789683286,187.5,45.73628419873757,21.5,2.653009901689313,0.7166666666666667,0.08843366338964379,351.46295714314743,275.1602507280171,18.571428571428573,4.327271048279125,76.64285714285714,36.67656376584821,119.35714285714286,31.77954625918313,1.4628571428571429,0.23518989288293343,41.57142857142857,15.16937342509209,799.8571428571429,73.78644564172718,0.0,0.0,4.642857142857143,1.0082080720186268
single_agent,30,0.15,20,13,0.65,0,0,0,975.5384615384615,65.05973586458241,69.61538461538461,10.935709560414614,244.23076923076923,19.42143938260776,23.615384615384617,2.2560460078960247,0.7871794871794873,0.07520153359653417,447.31262307616885,134.88204563621917,21.46153846153846,5.910659644734879,99.92307692307692,18.24126064019671,153.15384615384616,17.601354842957186,1.2869022869022868,0.17638058904310666,57.07692307692308,13.388188441443067,822.3846153846154,59.32051143511051,0.0,0.0,5.076923076923077,1.3821202589704018
single_agent,30,0.2,20,12,0.6,0,0,0,1038.3333333333333,65.81010330465753,66.75,12.771594902894329,318.0,46.00790445920432,26.75,1.2154310870109943,0.8916666666666667,0.04051436956703314,645.6371666666504,186.03239089889163,30.916666666666668,7.391128998927558,128.58333333333334,22.801348976574065,196.91666666666666,36.62204585252225,1.342013888888889,0.18019400961933668,81.83333333333333,19.347695814575268,841.4166666666666,55.219328522033315,0.0,0.0,5.333333333333333,1.0730867399773196
single_agent,40,0.0,20,17,0.85,0,0,0,989.4705882352941,60.69505503648838,53.94117647058823,8.166016380672511,31.235294117647058,12.686259356902184,5.0588235294117645,1.784327192364608,0.1264705882352941,0.044608179809115196,35.675823529399004,24.158018231593967,3.2941176470588234,1.7945997423643294,30.0,12.434830115445887,22.58823529411765,7.1681485016129844,2.6470588235294117,0.8972998711821647,4.882352941176471,3.8710843594072006,966.8823529411765,56.491019588228774,0.0,0.0,3.2941176470588234,1.7945997423643294
single_agent,40,0.05,20,12,0.6,0,0,0,1054.0833333333333,62.60040420045709,63.166666666666664,11.479890190584523,113.83333333333333,33.37346069540704,16.75,3.695820735518825,0.41875,0.09239551838797062,264.4714416665768,171.68942427063152,11.833333333333334,4.648231987117318,66.75,25.95494347728561,65.75,18.000631302060693,1.5476190476190477,0.36590971509951103,29.083333333333332,11.45313242847748,988.3333333333334,59.38829595947081,0.0,0.0,4.75,1.2880570286640687
single_agent,40,0.1,20,11,0.55,0,0,0,1147.909090909091,83.53257394029534,59.0,6.0332412515993425,197.9090909090909,33.089135816622786,26.09090909090909,4.3463673442208135,0.6522727272727272,0.10865918360552035,462.5627272721844,224.78886136380353,23.09090909090909,6.315925038417499,93.45454545454545,25.02943721446264,122.63636363636364,23.269175865392086,1.6836363636363636,0.293096322981805,56.54545454545455,19.195643445134298,1025.2727272727273,78.82270092947958,0.0,0.0,5.818181818181818,1.4709304414677002
single_agent,40,0.15,20,8,0.4,0,0,0,1220.75,75.3634052915794,64.875,7.735585673643962,280.75,38.2911776485692,30.125,2.2320714274285347,0.753125,0.05580178568571338,759.529874999771,345.47337223386995,32.5,5.529143565818179,126.75,39.597077814260125,169.375,26.38147347774841,1.6081081081081081,0.18387460849097542,83.0,18.799696046175093,1051.375,94.52881268994882,0.0,0.0,5.375,1.3024701806293193
single_agent,40,0.2,20,6,0.3,0,0,0,1308.0,59.853153634541265,62.5,7.76530746332687,357.3333333333333,33.99803915914367,32.5,2.588435821108957,0.8125,0.06471089552772394,947.174816666878,216.0544638541205,43.166666666666664,11.232393630329497,144.33333333333334,33.92737341243301,231.83333333333334,26.61891558021601,1.6458333333333333,0.22243913025065237,110.16666666666667,24.400136611639425,1076.1666666666667,66.38498826290976,0.0,0.0,6.5,1.224744871391589
