strategy,n_agents,density,seed,disruption_type,success,collisions,deadlocks,error,failure_reason,n_disruptions,realised_density,seed_attempt,flowtime,makespan,original_flowtime,delta_flowtime,num_modified,modified_ratio,mean_impact_per_disruption,repair_time_ms,messages,additional_path_length,total_path_length,total_waits,conflicts_avoided,n_repairs_failed,affected_expansions,max_affected_size,wall_ms
local,5,0.0,0,mixed,True,0,0,,,2,0.0,0,388,113,353,35,3,0.6,2.0,80.85950000531739,2,35,388,0,0,0,0,2,231.96379999717465
local,5,0.0,1,mixed,True,0,0,,,2,0.0,0,356,100,342,14,4,0.8,2.5,166.3406000006944,8,13,355,1,2,0,1,2,287.66569999424974
local,5,0.0,2,mixed,True,0,0,,,2,0.0,0,384,99,366,18,2,0.4,1.5,70.09419999667443,1,19,383,1,0,0,0,1,226.17779999563936
local,5,0.0,3,mixed,True,0,0,,,2,0.0,0,363,92,341,22,3,0.6,1.5,36.448200000450015,1,21,359,4,0,0,0,1,238.4237000005669
local,5,0.0,4,mixed,False,0,0,,repair failed: no active robot available,2,0.0,0,322,70,319,3,1,0.2,1.0,19.867200004227925,1,3,321,1,0,1,0,1,119.99040000227978
local,5,0.1,0,mixed,True,0,0,,,25,0.09913793103448276,0,414,127,353,61,4,0.8,0.36,142.78600002580788,3,49,402,12,3,0,0,3,305.3808999975445
local,5,0.1,1,mixed,True,0,0,,,25,0.09913793103448276,0,394,108,342,52,5,1.0,0.44,84.36280000023544,3,24,366,28,1,0,0,2,236.07199999969453
local,5,0.1,2,mixed,True,0,0,,,25,0.09913793103448276,0,422,114,366,56,5,1.0,0.72,197.67580001644092,5,36,400,22,11,0,0,2,355.9333000011975
local,5,0.1,3,mixed,True,0,0,,,25,0.09913793103448276,0,435,122,341,94,5,1.0,0.56,275.9215000187396,4,49,387,48,7,0,0,4,444.23729999834904
local,5,0.1,4,mixed,True,0,0,,,25,0.09913793103448276,0,368,105,319,49,5,1.0,0.4,145.09729997371323,2,25,343,25,4,0,0,2,296.9729999967967
local,5,0.2,0,mixed,True,0,0,,,48,0.19827586206896552,0,462,139,353,109,5,1.0,0.3958333333333333,249.03739998990204,3,49,402,60,8,0,0,3,499.65309999970486
local,5,0.2,1,mixed,True,0,0,,,48,0.19827586206896552,0,445,132,342,103,5,1.0,0.4791666666666667,336.1412000085693,4,44,386,59,9,0,0,4,563.7257999987924
local,5,0.2,2,mixed,True,0,0,,,48,0.19827586206896552,0,448,126,366,82,5,1.0,0.4166666666666667,398.1843999863486,6,27,391,57,8,0,0,3,679.3743000016548
local,5,0.2,3,mixed,True,0,0,,,48,0.19827586206896552,0,422,112,341,81,5,1.0,0.5416666666666666,146.45079996989807,3,14,352,70,3,0,0,2,379.65230000554584
local,5,0.2,4,mixed,True,0,0,,,48,0.19827586206896552,0,424,117,319,105,5,1.0,0.4166666666666667,805.2889999889885,3,44,362,62,13,0,0,3,1027.0094000006793
local,20,0.0,0,mixed,True,0,0,,,2,0.0,0,1297,81,1308,-11,6,0.3,4.0,66.02700000075856,11,-11,1295,2,3,0,1,5,508.44710000092164
local,20,0.0,1,mixed,True,0,0,,,2,0.0,0,1491,106,1474,17,9,0.45,5.0,336.25819999724627,8,16,1476,15,8,0,0,8,903.7371999947936
local,20,0.0,2,mixed,True,0,0,,,2,0.0,0,1405,99,1361,44,6,0.3,3.0,84.11920000799,4,42,1392,13,4,0,0,4,612.636100006057
local,20,0.0,3,mixed,True,0,0,,,2,0.0,0,1468,116,1433,35,4,0.2,2.0,146.58590000180993,7,35,1457,11,2,0,1,2,655.8775000012247
local,20,0.0,4,mixed,False,0,0,,repair failed: R16: no feasible route even if every non-group neighbour yields,2,0.0,0,1419,102,1409,10,2,0.1,2.0,321.513099996082,17,-683,714,6,10,1,3,5,879.2819000009331
local,20,0.1,0,mixed,True,0,0,,,25,0.09913793103448276,0,1409,98,1308,101,15,0.75,1.24,764.4983999925898,13,62,1368,41,29,0,0,5,1394.0659999934724
local,20,0.1,1,mixed,True,0,0,,,25,0.09913793103448276,0,1606,124,1474,132,17,0.85,1.6,1298.1961999903433,26,101,1561,45,42,0,0,10,2096.1664999995264
local,20,0.1,2,mixed,True,0,0,,,25,0.09913793103448276,0,1540,109,1361,179,19,0.95,1.8,1843.8253999847802,27,110,1460,80,55,0,0,9,2511.0650999995414
local,20,0.1,3,mixed,True,0,0,,,25,0.09913793103448276,0,1585,117,1433,152,20,1.0,1.84,1932.956099997682,24,80,1502,83,52,0,0,9,2617.7172000025166
local,20,0.1,4,mixed,True,0,0,,,25,0.09913793103448276,0,1535,126,1409,126,16,0.8,1.36,1171.9425999981468,21,83,1480,55,36,0,1,4,1958.7279000043054
local,20,0.2,0,mixed,False,0,0,,repair failed: R17: no feasible route even if every non-group neighbour yields,6,0.19827586206896552,0,1268,81,1308,-40,3,0.15,0.6,380.86389999079984,1,-1128,178,2,15,1,0,7,835.7907000026898
local,20,0.2,1,mixed,True,0,0,,,48,0.19827586206896552,0,1643,133,1474,169,19,0.95,1.1041666666666667,1748.979399977543,26,102,1562,81,52,0,0,9,2855.231699999422
local,20,0.2,2,mixed,False,0,0,,repair failed: R1: no feasible route even if every neighbour yields,29,0.19827586206896552,0,1455,95,1361,94,19,0.95,1.4285714285714286,2066.481299996667,19,-769,581,39,54,1,0,5,2853.4932999973535
local,20,0.2,3,mixed,False,0,0,,repair failed: R1: no feasible route even if every neighbour yields,28,0.19827586206896552,0,1521,113,1433,88,17,0.85,1.3333333333333333,2042.8666999941925,17,-711,711,69,48,1,0,4,2800.514299997303
local,20,0.2,4,mixed,True,0,0,,,48,0.19827586206896552,0,1616,112,1409,207,19,0.95,1.2083333333333333,2529.7644000165747,31,107,1504,112,60,0,1,5,3529.7506999995676
local,40,0.0,0,mixed,True,0,0,,,2,0.0,0,2979,113,2957,22,3,0.075,1.5,35.019900009501725,1,22,2921,58,1,0,0,1,1462.0804000005592
local,40,0.0,1,mixed,False,0,0,,repair failed: R6: no feasible route even if every non-group neighbour yields,2,0.0,0,2899,98,2941,-42,4,0.1,4.0,1723.4638000009,19,-1791,1097,23,18,1,3,12,3261.9166000004043
local,40,0.0,2,mixed,True,0,0,,,2,0.0,0,3058,116,3043,15,7,0.175,3.5,378.96910000563366,10,14,2996,62,4,0,1,4,2446.3114000027417
local,40,0.0,3,mixed,False,0,0,,repair failed: R31: no feasible route even if every non-group neighbour yields,2,0.0,0,3030,112,3026,4,2,0.05,2.0,4745.257900001889,7,-1218,1752,42,14,1,1,8,10122.000799994566
local,40,0.0,4,mixed,True,0,0,,,2,0.0,0,2859,113,2841,18,6,0.15,3.0,643.3414999992237,9,18,2793,66,3,0,1,3,11249.903600000835
local,40,0.1,0,mixed,True,0,0,,,25,0.09913793103448276,0,3185,129,2957,228,27,0.675,1.96,36534.807199983334,36,162,3061,124,64,0,1,11,51176.72460000176
local,40,0.1,1,mixed,True,0,0,,,25,0.09913793103448276,0,3111,114,2941,170,30,0.75,1.84,19578.5212999981,38,101,2989,122,52,0,2,7,31028.677399997832
local,40,0.1,2,mixed,False,0,0,,repair failed: R18: no feasible route even if every non-group neighbour yields,4,0.09913793103448276,0,2985,108,3043,-58,7,0.175,2.3333333333333335,7187.404600001173,10,-2866,116,4,24,1,1,10,21867.91269999958
local,40,0.1,3,mixed,False,0,0,,repair failed: R26: no feasible route even if every non-group neighbour yields,6,0.09913793103448276,0,3012,112,3026,-14,9,0.225,2.0,27654.205500009994,12,-2539,431,9,42,1,1,16,42086.11640000163
local,40,0.1,4,mixed,False,0,0,,repair failed: R33: no feasible route even if every non-group neighbour yields,18,0.09913793103448276,0,2964,110,2841,123,25,0.625,2.411764705882353,37684.10940000467,51,-798,1977,89,81,1,5,8,52148.928499998874
local,40,0.2,0,mixed,True,0,0,,,48,0.19827586206896552,0,3385,119,2957,428,35,0.875,2.0625,46052.31909999566,65,215,3114,271,119,0,2,6,68032.85869999672
local,40,0.2,1,mixed,False,0,0,,repair failed: R26: no feasible route even if every non-group neighbour yields,4,0.19827586206896552,0,2875,98,2941,-66,2,0.05,0.6666666666666666,6499.505100007809,1,-2769,119,1,15,1,0,9,16386.987600002612
local,40,0.2,2,mixed,True,0,0,,,48,0.19827586206896552,0,3445,120,3043,402,37,0.925,2.2083333333333335,61830.63669999683,77,235,3217,228,151,0,2,7,79209.77580000181
local,40,0.2,3,mixed,True,0,0,,,48,0.19827586206896552,0,3420,125,3026,394,40,1.0,2.0833333333333335,58585.08340000117,86,219,3189,231,142,0,5,6,74409.18500000407
local,40,0.2,4,mixed,True,0,0,,,48,0.19827586206896552,0,3203,123,2841,362,39,0.975,2.0625,30212.62869999191,73,237,3012,191,143,0,2,6,42051.71650000557
single_agent,5,0.0,0,mixed,True,0,0,,,2,0.0,0,388,113,353,35,3,0.6,2.0,28.904700004204642,2,35,388,0,0,0,0,2,194.60040000558365
single_agent,5,0.0,1,mixed,True,0,0,,,2,0.0,0,356,100,342,14,4,0.8,2.0,55.745600002410356,2,13,355,1,0,0,0,2,196.2243000016315
single_agent,5,0.0,2,mixed,True,0,0,,,2,0.0,0,384,99,366,18,2,0.4,1.5,15.794099992490374,1,19,383,1,0,0,0,1,177.63449999620207
single_agent,5,0.0,3,mixed,True,0,0,,,2,0.0,0,363,92,341,22,3,0.6,1.5,41.91000000719214,1,21,359,4,0,0,0,1,192.68149999697926
single_agent,5,0.0,4,mixed,False,0,0,,repair failed: no active robot available,2,0.0,0,322,70,319,3,1,0.2,1.0,10.499000003619585,1,3,321,1,0,1,0,1,101.73550000035902
single_agent,5,0.1,0,mixed,True,0,0,,,25,0.09913793103448276,0,419,127,353,66,4,0.8,0.36,107.78039997967426,3,53,406,13,3,0,0,3,272.04369999526534
single_agent,5,0.1,1,mixed,True,0,0,,,25,0.09913793103448276,0,418,132,342,76,5,1.0,0.52,54.74860001413617,3,22,364,54,1,0,0,2,211.7117999951006
single_agent,5,0.1,2,mixed,True,0,0,,,25,0.09913793103448276,0,419,108,366,53,5,1.0,0.64,154.01539997401414,6,19,383,36,7,0,0,3,323.21139999839943
single_agent,5,0.1,3,mixed,True,0,0,,,25,0.09913793103448276,0,471,126,341,130,5,1.0,0.64,246.78610001137713,5,49,387,84,8,0,0,4,424.1708999979892
single_agent,5,0.1,4,mixed,True,0,0,,,25,0.09913793103448276,0,382,92,319,63,5,1.0,0.44,108.80980000365525,3,34,352,30,4,0,0,2,271.4503000024706
single_agent,5,0.2,0,mixed,True,0,0,,,48,0.19827586206896552,0,466,139,353,113,5,1.0,0.375,213.44039996620268,3,45,398,68,8,0,0,3,455.76509999955306
single_agent,5,0.2,1,mixed,True,0,0,,,48,0.19827586206896552,0,455,132,342,113,5,1.0,0.4791666666666667,271.7460000058054,4,44,386,69,9,0,0,4,505.1252999983262
single_agent,5,0.2,2,mixed,True,0,0,,,48,0.19827586206896552,0,446,126,366,80,5,1.0,0.3958333333333333,306.6622000260395,6,29,393,53,8,0,0,3,573.1577999977162
single_agent,5,0.2,3,mixed,True,0,0,,,48,0.19827586206896552,0,422,112,341,81,5,1.0,0.4583333333333333,90.03850000590319,3,8,346,76,2,0,0,2,345.6385000026785
single_agent,5,0.2,4,mixed,True,0,0,,,48,0.19827586206896552,0,431,117,319,112,5,1.0,0.4583333333333333,777.447900021798,2,52,370,61,14,0,0,2,1008.323100002599
single_agent,20,0.0,0,mixed,True,0,0,,,2,0.0,0,1303,85,1308,-5,6,0.3,3.5,37.67320000042673,5,-7,1299,4,2,0,0,5,479.1724999959115
single_agent,20,0.0,1,mixed,True,0,0,,,2,0.0,0,1491,106,1474,17,9,0.45,5.0,318.6286999989534,8,16,1476,15,8,0,0,8,887.0607000062591
single_agent,20,0.0,2,mixed,True,0,0,,,2,0.0,0,1405,99,1361,44,6,0.3,3.0,66.58890000107931,4,42,1392,13,4,0,0,4,590.198900004907
single_agent,20,0.0,3,mixed,True,0,0,,,2,0.0,0,1457,116,1433,24,3,0.15,1.5,21.05610000580782,1,23,1445,12,0,0,0,1,559.1618000034941
single_agent,20,0.0,4,mixed,False,0,0,,repair failed: R16: no local repair; negotiation disabled (single-agent repair),2,0.0,0,1425,102,1409,16,1,0.05,1.0,86.29510000173468,1,-683,714,6,3,1,0,3,617.6649999979418
single_agent,20,0.1,0,mixed,True,0,0,,,25,0.09913793103448276,0,1409,98,1308,101,15,0.75,1.24,768.6061000058544,13,62,1368,41,29,0,0,5,1406.3437000004342
single_agent,20,0.1,1,mixed,True,0,0,,,25,0.09913793103448276,0,1616,128,1474,142,17,0.85,1.6,1070.0280999881215,26,105,1565,51,41,0,0,10,1811.2969000067096
single_agent,20,0.1,2,mixed,True,0,0,,,25,0.09913793103448276,0,1543,112,1361,182,19,0.95,1.8,1745.146500012197,27,112,1462,81,55,0,0,9,2450.9458000029554
single_agent,20,0.1,3,mixed,True,0,0,,,25,0.09913793103448276,0,1585,117,1433,152,20,1.0,1.84,1791.2832999936654,24,80,1502,83,52,0,0,9,2471.0808000018005
single_agent,20,0.1,4,mixed,True,0,0,,,25,0.09913793103448276,0,1538,126,1409,129,15,0.75,1.32,1046.271799976239,15,79,1476,62,35,0,0,4,1790.8443000051193
single_agent,20,0.2,0,mixed,False,0,0,,repair failed: R17: no local repair; negotiation disabled (single-agent repair),6,0.19827586206896552,0,1268,81,1308,-40,3,0.15,0.6,251.8700000073295,1,-1128,178,2,8,1,0,7,711.102999994182
single_agent,20,0.2,1,mixed,True,0,0,,,48,0.19827586206896552,0,1643,133,1474,169,19,0.95,1.1041666666666667,1780.3093999973498,26,102,1562,81,52,0,0,9,2824.943399995391
single_agent,20,0.2,2,mixed,False,0,0,,repair failed: R2: no local repair; negotiation disabled (single-agent repair),25,0.19827586206896552,0,1470,96,1361,109,19,0.95,1.5217391304347827,1776.1479999971925,18,-881,469,31,49,1,0,4,2490.068999999494
single_agent,20,0.2,3,mixed,False,0,0,,repair failed: R1: no local repair; negotiation disabled (single-agent repair),28,0.19827586206896552,0,1521,113,1433,88,17,0.85,1.3333333333333333,2078.2064000086393,17,-711,711,69,48,1,0,4,2845.502899996063
single_agent,20,0.2,4,mixed,True,0,0,,,48,0.19827586206896552,0,1616,112,1409,207,18,0.9,1.1666666666666667,2519.421000011789,24,105,1502,114,59,0,0,5,3530.631200002972
single_agent,40,0.0,0,mixed,True,0,0,,,2,0.0,0,2979,113,2957,22,3,0.075,1.5,21.492500003660098,1,22,2921,58,1,0,0,1,1476.9965999948909
single_agent,40,0.0,1,mixed,False,0,0,,repair failed: R6: no local repair; negotiation disabled (single-agent repair),2,0.0,0,2911,101,2941,-30,1,0.025,1.0,503.02499999816064,1,-1793,1095,25,6,1,0,12,2017.7053000006708
single_agent,40,0.0,2,mixed,True,0,0,,,2,0.0,0,3060,118,3043,17,6,0.15,3.0,58.60009999742033,4,16,2998,62,3,0,0,4,1806.590899999719
single_agent,40,0.0,3,mixed,False,0,0,,repair failed: R31: no local repair; negotiation disabled (single-agent repair),2,0.0,0,3023,112,3026,-3,1,0.025,1.0,720.0678000008338,1,-1218,1752,42,4,1,0,8,4913.532200000191
single_agent,40,0.0,4,mixed,True,0,0,,,2,0.0,0,2868,113,2841,27,5,0.125,2.5,399.5426999972551,3,22,2797,71,2,0,0,3,10080.154600000242
single_agent,40,0.1,0,mixed,True,0,0,,,25,0.09913793103448276,0,3208,129,2957,251,27,0.675,1.84,28867.003200008185,29,180,3079,129,61,0,0,11,45640.52329999686
single_agent,40,0.1,1,mixed,True,0,0,,,25,0.09913793103448276,0,3115,108,2941,174,28,0.7,1.8,16761.71220003016,27,109,2997,118,54,0,0,7,29862.677000004624
single_agent,40,0.1,2,mixed,False,0,0,,repair failed: R18: no local repair; negotiation disabled (single-agent repair),4,0.09913793103448276,0,2985,108,3043,-58,7,0.175,2.3333333333333335,4591.22280000156,5,-2866,116,4,16,1,0,9,15726.93530000106
single_agent,40,0.1,3,mixed,False,0,0,,repair failed: R26: no local repair; negotiation disabled (single-agent repair),6,0.09913793103448276,0,3009,112,3026,-17,8,0.2,1.8,18160.46319999441,6,-2539,431,9,35,1,0,17,34713.633300001675
single_agent,40,0.1,4,mixed,False,0,0,,repair failed: R34: no local repair; negotiation disabled (single-agent repair),8,0.09913793103448276,0,2918,110,2841,77,13,0.325,2.0,17438.36739998369,9,-2213,562,38,26,1,0,5,29995.9999000057
single_agent,40,0.2,0,mixed,True,0,0,,,48,0.19827586206896552,0,3392,131,2957,435,35,0.875,2.0208333333333335,41203.06149998214,54,252,3151,241,124,0,0,5,60378.56589999865
single_agent,40,0.2,1,mixed,False,0,0,,repair failed: R26: no local repair; negotiation disabled (single-agent repair),4,0.19827586206896552,0,2875,98,2941,-66,2,0.05,0.6666666666666666,2318.9955999987433,1,-2769,119,1,8,1,0,9,12422.375099995406
single_agent,40,0.2,2,mixed,False,0,0,,repair failed: R32: no local repair; negotiation disabled (single-agent repair),37,0.19827586206896552,0,3351,117,3043,308,34,0.85,2.4166666666666665,57729.17200002121,55,-1192,1790,123,129,1,0,7,73828.80099999602
single_agent,40,0.2,3,mixed,False,0,0,,repair failed: R26: no local repair; negotiation disabled (single-agent repair),25,0.19827586206896552,0,3259,123,3026,233,31,0.775,2.130434782608696,41352.48140002659,30,-1638,1332,68,84,1,0,6,56272.279699995124
single_agent,40,0.2,4,mixed,True,0,0,,,48,0.19827586206896552,0,3215,123,2841,374,39,0.975,2.0208333333333335,50950.22959999187,60,236,3011,204,141,0,0,6,66750.8960999985
